Date,Price,PE,Regime,EPS,EPS_Growth_YoY,PE_Pct_Regime,Valuation_Quintile,Fwd_1Y,Fwd_3Y,Fwd_5Y,Fwd_10Y,Growth_Bucket,PE_Pct_Expanding,Valuation_Score,Growth_Score,Composite_Score,Signal
1999-03-31,1078,16.5,Standalone,65.3333333333,,0.204545454545,Q2,0.417810760668,0.0156774837208,0.104495852678,0.108540996082,,,,,,
1999-06-30,1187.7,17.9,Standalone,66.3519553073,,0.323863636364,Q2,0.238865033258,-0.0378732959999,0.0485775854225,0.137067346373,,,,,,
1999-09-30,1413.1,22,Standalone,64.2318181818,,0.636363636364,Q4,-0.10013445616,-0.119950681702,0.0431563146207,0.136586282704,,,,,,
1999-12-31,1480.4,24.1,Standalone,61.4273858921,,0.795454545455,Q4,-0.146514455553,-0.0960455015819,0.0704286605475,0.133889615032,,,,,,
2000-03-31,1528.4,24.6,Standalone,62.1300813008,-0.0490293678447,0.829545454545,Q5 Most Expensive,-0.248756869929,-0.138219076038,0.0589881066592,0.131318220553,<5%,,,20,,
2000-06-30,1471.4,22.9,Standalone,64.2532751092,-0.0316295154886,0.732954545455,Q4,-0.247043631915,-0.0831318928638,0.0857951983155,0.13699045584,<5%,,,20,,
2000-09-30,1271.6,19.3,Standalone,65.8860103627,0.0257534696619,0.443181818182,Q3,-0.281338471217,0.0367721588193,0.153908369383,0.168411866504,<5%,,,30.3013878648,,
2000-12-31,1263.5,19.2,Standalone,65.8072916667,0.07130216777,0.426136363636,Q3,-0.161851998417,0.141574953667,0.175551089504,0.171171222231,5-15%,0.3125,68.75,48.520867108,62.6812601324,HOLD
2001-03-31,1148.2,17.2,Standalone,66.7558139535,0.0744523837057,0.255681818182,Q2,-0.0162863612611,0.155599171666,0.242670870868,0.176501959677,5-15%,0.166666666667,83.3333333333,49.7809534823,73.267619378,BUY
2001-06-30,1107.9,15.8,Standalone,70.1202531646,0.0913101790596,0.181818181818,Q1 Cheapest,-0.0452206877877,0.107651180189,0.230718672749,0.176887089677,5-15%,0.05,95,56.5240716239,83.4572214872,BUY
2001-09-30,913.85,13.2,Standalone,69.2310606061,0.0507702655686,0.0454545454545,Q1 Cheapest,0.0539475843957,0.240742462834,0.314634987558,0.18389538223,5-15%,0.0454545454545,95.4545454545,40.3081062274,78.9106136864,BUY
2001-12-31,1059,15.3,Standalone,69.2156862745,0.0517935706138,0.142045454545,Q1 Cheapest,0.0325779036827,0.252440933865,0.302267223012,0.158817390521,5-15%,0.125,87.5,40.7174282455,73.4652284737,BUY
2002-03-31,1129.5,18.1,Standalone,62.4033149171,-0.0652002990989,0.340909090909,Q2,-0.133953076583,0.216938793251,0.27605538832,0.167083888531,<5%,0.5,50,20,41,HOLD
2002-06-30,1057.8,15.7,Standalone,67.3757961783,-0.0391392908946,0.170454545455,Q1 Cheapest,0.0721308375874,0.280429262872,0.324896184871,0.174394442077,<5%,0.178571428571,82.1428571429,20,63.5,HOLD
2002-09-30,963.15,14.3,Standalone,67.3531468531,-0.0271253067117,0.0795454545455,Q1 Cheapest,0.471318070913,0.392636378503,0.391311734571,0.19465699066,<5%,0.1,90,20,69,HOLD
2002-12-31,1093.5,14.8,Standalone,73.8851351351,0.0674622923206,0.125,Q1 Cheapest,0.718975765889,0.37400400991,0.412050111821,0.183697817661,5-15%,0.15625,84.375,46.9849169283,73.1579750785,BUY
2003-03-31,978.2,13.4,Standalone,73,0.169809650288,0.0568181818182,Q1 Cheapest,0.811388264159,0.51515416896,0.370784839098,0.192370378696,>15%,0.0882352941176,91.1764705882,83.9619300575,89.012108429,BUY
2003-06-30,1134.1,12.9,Standalone,87.9147286822,0.304841406986,0.0227272727273,Q1 Cheapest,0.327572524469,0.402429549134,0.28930822181,0.178128079252,>15%,0.0277777777778,97.2222222222,100,98.0555555556,BUY
2003-09-30,1417.1,15.6,Standalone,90.8397435897,0.34870823167,0.159090909091,Q1 Cheapest,0.23174087926,0.363013372327,0.225755072608,0.150046933146,>15%,0.342105263158,65.7894736842,100,76.0526315789,BUY
2003-12-31,1879.7,20.7,Standalone,90.806763285,0.229026151457,0.528409090909,Q3,0.10682555727,0.282633728317,0.0950002544923,0.128633056883,>15%,0.775,22.5,95.8052302914,44.4915690874,HOLD
2004-03-31,1771.9,20.7,Standalone,85.5990338164,0.172589504335,0.528409090909,Q3,0.148823297026,0.292007055389,0.112600954557,0.142327877133,>15%,0.761904761905,23.8095238095,84.5179008669,42.0220369267,HOLD
2004-06-30,1505.6,12.6,Standalone,119.492063492,0.359181394099,0.0113636363636,Q1 Cheapest,0.474893730074,0.420804753376,0.233024783443,0.175912273734,>15%,0.0227272727273,97.7272727273,100,98.4090909091,BUY
2004-09-30,1745.5,14.6,Standalone,119.554794521,0.316106692908,0.107954545455,Q1 Cheapest,0.490346605557,0.422215602263,0.238384276569,0.163926355181,>15%,0.239130434783,76.0869565217,100,83.2608695652,BUY
2004-12-31,2080.5,15.3,Standalone,135.980392157,0.4974698716,0.142045454545,Q1 Cheapest,0.363374188897,0.434279765868,0.201112887262,0.148154734858,>15%,0.333333333333,66.6666666667,100,76.6666666667,BUY
2005-03-31,2035.6,14.6,Standalone,139.424657534,0.628811112906,0.107954545455,Q1 Cheapest,0.671497347219,0.324932925955,0.208588564976,0.153524013463,>15%,0.24,76,100,83.2,BUY
2005-06-30,2220.6,14.3,Standalone,155.286713287,0.299556713212,0.0795454545455,Q1 Cheapest,0.408718364406,0.220829247629,0.190599570414,0.141872801417,>15%,0.192307692308,80.7692307692,100,86.5384615385,BUY
2005-09-30,2601.4,16.1,Standalone,161.577639752,0.351494437338,0.193181818182,Q1 Cheapest,0.379411086338,0.146578919296,0.183097658368,0.118175544849,>15%,0.537037037037,46.2962962963,100,62.4074074074,HOLD
2005-12-31,2836.5,17.2,Standalone,164.912790698,0.212768900589,0.255681818182,Q2,0.39834302838,0.0142046981664,0.166807673464,0.108506430759,>15%,0.607142857143,39.2857142857,92.5537801177,55.2661340353,HOLD
2006-03-31,3402.5,20.3,Standalone,167.610837438,0.202160653665,0.477272727273,Q3,0.12314474651,-0.0388760375081,0.113856366616,0.0856386694304,>15%,0.775862068966,22.4137931034,90.4321307331,42.8192943923,HOLD
2006-06-30,3128.2,18.4,Standalone,170.010869565,0.0948191636416,0.357954545455,Q2,0.380442426955,0.111112520037,0.125410097789,0.102335899059,5-15%,0.683333333333,31.6666666667,57.9276654567,39.5449663037,SELL
2006-09-30,3588.4,20.9,Standalone,171.693779904,0.0626085401935,0.573863636364,Q3,0.399314457697,0.123135230672,0.0661577466977,0.0914799905782,5-15%,0.854838709677,14.5161290323,45.0434160774,23.6743151458,SELL
2006-12-31,3966.4,21.3,Standalone,186.215962441,0.129178407894,0.602272727273,Q4,0.547650262203,0.0945361623483,0.0311691186304,0.0751435702162,5-15%,0.859375,14.0625,71.6713631575,31.3451589472,SELL
2007-03-31,3821.5,18.4,Standalone,207.690217391,0.239121649682,0.357954545455,Q2,0.238911422216,0.111604580163,0.0674182447998,0.0915184147153,>15%,0.636363636364,36.3636363636,97.8243299364,54.8018444355,HOLD
2007-06-30,4318.3,20.6,Standalone,209.626213592,0.233016536697,0.5,Q3,-0.0643308709446,0.0715079006155,0.0409889630075,0.0822722407324,>15%,0.75,25,96.6033073395,46.4809922018,HOLD
2007-09-30,5021.3,22.6,Standalone,222.181415929,0.294056290525,0.693181818182,Q4,-0.219086690698,0.0629136398793,0.0257983813908,0.0690313497935,>15%,0.9,10,100,37,SELL
2007-12-31,6138.6,27.6,Standalone,222.413043478,0.194382267569,0.943181818182,Q5 Most Expensive,-0.517951976021,-0.00022268449603,-0.00772606311463,0.0554457212477,>15%,0.986111111111,1.38888888889,88.8764535139,27.6351582764,SELL
2008-03-31,4734.5,20.6,Standalone,229.830097087,0.10660049363,0.5,Q3,-0.361938958707,0.072070445236,0.0371774471384,0.0788562817183,5-15%,0.702702702703,29.7297297297,62.6401974521,39.6028700464,SELL
2008-06-30,4040.5,17.3,Standalone,233.554913295,0.114149367546,0.272727272727,Q2,0.0620220269769,0.118075538866,0.0765352672404,0.102434686277,5-15%,0.486842105263,51.3157894737,65.6597470183,55.6189767371,HOLD
2008-09-30,3921.2,16.9,Standalone,232.023668639,0.0442982716115,0.238636363636,Q2,0.296516372539,0.080263567258,0.0790148684641,0.107954446599,<5%,0.423076923077,57.6923076923,37.7193086446,51.700407978,HOLD
2008-12-31,2959.1,13,Standalone,227.623076923,0.0234250355255,0.0340909090909,Q1 Cheapest,0.75762900882,0.160456288623,0.163298886793,0.138878028843,<5%,0.0625,93.75,29.3700142102,74.4360042631,BUY
2009-03-31,3020.9,14.3,Standalone,211.251748252,-0.0808351433127,0.0795454545455,Q1 Cheapest,0.73759475653,0.205748900021,0.172849055657,0.144251661176,<5%,0.158536585366,84.1463414634,20,64.9024390244,HOLD
2009-06-30,4291.1,20,Standalone,214.555,-0.081350946665,0.465909090909,Q3,0.238027545385,0.0714985801053,0.121445159974,0.106344243878,<5%,0.678571428571,32.1428571429,20,28.5,SELL
2009-09-30,5083.9,22.9,Standalone,222.004366812,-0.0431822403533,0.732954545455,Q4,0.186077617577,0.0390658520885,0.0939452203302,0.0848095201264,<5%,0.906976744186,9.3023255814,20,12.511627907,SELL
2009-12-31,5201,23.2,Standalone,224.181034483,-0.0151216760921,0.755681818182,Q4,0.179484714478,0.0432301603721,0.0975315552407,0.0887165900289,<5%,0.920454545455,7.95454545455,20,11.5681818182,SELL
2010-03-31,5249.1,22.3,Standalone,235.385650224,0.114242377505,0.676136363636,Q4,0.111371473205,0.0267976497819,0.100968260164,0.0505820992321,5-15%,0.833333333333,16.6666666667,65.6969510022,31.3757519673,SELL
2010-06-30,5312.5,22.3,Standalone,238.228699552,0.110338605726,0.676136363636,Q4,0.06304,0.0321888398391,0.0951402360761,0.0684708587618,5-15%,0.826086956522,17.3913043478,64.1354422905,31.4145457306,SELL
2010-09-30,6029.9,25.5,Standalone,236.466666667,0.0651442134319,0.863636363636,Q5 Most Expensive,-0.180218577423,-0.0165581702742,0.0568160119791,0.0643262714685,5-15%,0.968085106383,3.1914893617,46.0576853728,16.051348165,SELL
2010-12-31,6134.5,24.5,Standalone,250.387755102,0.116899811261,0.818181818182,Q5 Most Expensive,-0.24618143288,0.00912665533884,0.0531182944549,0.0858710036149,5-15%,0.927083333333,7.29166666667,66.7599245043,25.132144018,SELL
2011-03-31,5833.7,22.1,Standalone,263.968325792,0.121429133596,0.647727272727,Q4,-0.0922570581278,0.0474523851537,0.0581358206386,0.0967555476435,5-15%,0.765306122449,23.4693877551,68.5716534384,37.0000674601,SELL
2011-06-30,5647.4,20.8,Standalone,271.509615385,0.139701538462,0.551136363636,Q3,-0.0652512660693,0.104595908361,0.0797347888924,0.10780811731,5-15%,0.69,31,75.8806153846,44.4641846154,HOLD
2011-09-30,4943.2,17.9,Standalone,276.156424581,0.167845043337,0.323863636364,Q2,0.153766790743,0.172345347449,0.11740366144,0.135521109172,>15%,0.450980392157,54.9019607843,83.5690086673,63.5020751492,HOLD
2011-12-31,4624.3,16.8,Standalone,275.255952381,0.0993187437172,0.221590909091,Q2,0.276971649763,0.214437894349,0.120993322718,0.141393734779,5-15%,0.355769230769,64.4230769231,59.7274974869,63.0144030922,HOLD
2012-03-31,5295.5,18.7,Standalone,283.181818182,0.0727871131217,0.386363636364,Q2,0.0730809177604,0.170443954629,0.116162718285,0.126744741991,5-15%,0.537735849057,46.2264150943,49.1148452487,47.0929441406,HOLD
2012-06-30,5278.9,17.5,Standalone,301.651428571,0.111015638043,0.284090909091,Q2,0.10670783686,0.166007637522,0.125192720272,0.11572469175,5-15%,0.435185185185,56.4814814815,64.4062552173,58.8589136022,HOLD
2012-09-30,5703.3,19.2,Standalone,297.046875,0.0756471642863,0.426136363636,Q3,0.0056107867375,0.117018259141,0.114086400967,0.11602169584,5-15%,0.563636363636,43.6363636364,50.2588657145,45.6231142598,HOLD
2012-12-31,5905.1,18.7,Standalone,315.780748663,0.147225867167,0.386363636364,Q2,0.0675517772773,0.104025827887,0.122639252218,0.118556296562,5-15%,0.535714285714,46.4285714286,78.8903468668,56.16710406,HOLD
2013-03-31,5682.5,17.6,Standalone,322.869318182,0.14014847512,0.295454545455,Q2,0.179797624285,0.108418868499,0.122209974594,0.118150860144,5-15%,0.429824561404,57.0175438596,76.0593900482,62.7300977162,HOLD
2013-06-30,5842.2,17.8,Standalone,328.213483146,0.088055457587,0.306818181818,Q2,0.302814008421,0.123619326452,0.128957196751,0.126283457579,5-15%,0.439655172414,56.0344827586,55.2221830348,55.7907928415,HOLD
2013-09-30,5735.3,16.8,Standalone,341.386904762,0.149269470557,0.221590909091,Q2,0.388732934633,0.145075609935,0.137670194931,0.130979609408,5-15%,0.322033898305,67.7966101695,79.7077882229,71.3699635855,BUY
2013-12-31,6304,18.7,Standalone,337.112299465,0.0675517772773,0.386363636364,Q2,0.313880076142,0.0909754428506,0.114969832178,0.131741262172,5-15%,0.558333333333,44.1666666667,47.0207109109,45.0228799399,HOLD
2014-03-31,6704.2,18.9,Standalone,354.71957672,0.0986475231438,0.409090909091,Q3,0.266519495242,0.11019480466,0.116351552477,0.127841696658,5-15%,0.581967213115,41.8032786885,59.4590092575,47.0999978592,HOLD
2014-06-30,7611.3,20.6,Standalone,369.480582524,0.125732492714,0.5,Q3,0.0994836624493,0.0774729795195,0.0914466704648,0.121745709946,5-15%,0.685483870968,31.4516129032,70.2929970855,43.1040281579,HOLD
2014-09-30,7964.8,20.8,Standalone,382.923076923,0.121668908742,0.551136363636,Q3,-0.00199628364805,0.0711457500486,0.0757501135219,0.125854116442,5-15%,0.746031746032,25.3968253968,68.6675634968,38.3780468268,SELL
2014-12-31,8282.7,21.2,Standalone,390.693396226,0.158941387918,0.590909090909,Q3,-0.0406147753752,0.0833084895083,0.0799724233388,0.110200558477,>15%,0.7734375,22.65625,81.7882775836,40.3958582751,HOLD
2015-03-31,8491,22.7,Standalone,374.052863436,0.0545030158621,0.704545454545,Q4,-0.0886350253209,0.0600273614172,0.00250187690467,0.107252443633,5-15%,0.869230769231,13.0769230769,41.8012063448,21.6942080573,SELL
2015-06-30,8368.5,23.2,Standalone,360.711206897,-0.0237343342045,0.755681818182,Q4,-0.00965525482464,0.0858555630289,0.0424509468428,0.11793945656,<5%,0.909090909091,9.09090909091,20,12.3636363636,SELL
2015-09-30,7948.9,22.2,Standalone,358.058558559,-0.0649334549495,0.659090909091,Q4,0.0833071242562,0.112014207978,0.0718899025922,0.120017569824,<5%,0.798507462687,20.1492537313,20,20.1044776119,SELL
2015-12-31,7946.3,21.5,Standalone,369.595348837,-0.0540015459513,0.613636363636,Q4,0.0301398134981,0.109827828702,0.119642344739,0.125725373655,<5%,0.757352941176,24.2647058824,20,22.9852941176,SELL
2016-03-31,7738.4,20.9,Standalone,370.258373206,-0.0101442619514,0.573863636364,Q3,0.185477618112,0.145249814508,0.136784813277,0.112881346495,<5%,0.710144927536,28.9855072464,20,26.2898550725,SELL
2016-06-30,8287.7,22.8,Standalone,363.495614035,0.00771921438896,0.715909090909,Q4,0.148798822351,0.124637273957,0.136611358087,0.111563062138,<5%,0.864285714286,13.5714285714,23.0876857556,16.4263057267,SELL
2016-09-30,8611.1,23.4,Standalone,367.995726496,0.0277529127559,0.784090909091,Q4,0.136742111925,0.100418158808,0.153932311009,0.101397942281,<5%,0.922535211268,7.74647887324,31.1011651023,14.752884742,SELL
2016-12-31,8185.8,21.9,Standalone,373.780821918,0.0113244744388,0.625,Q4,0.286373964671,0.141277820943,0.162165404015,,<5%,0.743055555556,25.6944444444,24.5297897755,25.3450480438,SELL
2017-03-31,9173.7,23.3,Standalone,393.721030043,0.0633683355599,0.772727272727,Q4,0.102466834538,-0.0213814889617,0.137427090878,,5-15%,0.91095890411,8.90410958904,45.347334224,19.8370769795,SELL
2017-06-30,9520.9,24.2,Standalone,393.425619835,0.0823393863474,0.806818181818,Q5 Most Expensive,0.125345292987,0.0266346525669,0.106336332747,,5-15%,0.939189189189,6.08108108108,52.935754539,20.1374831184,SELL
2017-09-30,9788.6,25.4,Standalone,385.377952756,0.0472348590178,0.852272727273,Q5 Most Expensive,0.116651002186,0.0473997120746,0.117960352541,,<5%,0.966666666667,3.33333333333,38.8939436071,14.0015164155,SELL
2017-12-31,10530,26.9,Standalone,391.449814126,0.0472709972596,0.931818181818,Q5 Most Expensive,0.0315811965812,0.099118169143,0.114488190313,,<5%,0.980263157895,1.97368421053,38.9083989039,13.0540986185,SELL
2018-03-31,10113.7,24.7,Standalone,409.461538462,0.0399788358191,0.840909090909,Q5 Most Expensive,0.149322206512,0.132515464403,0.114106427802,,<5%,0.941558441558,5.84415584416,35.9915343276,14.8883693892,SELL
2018-06-30,10714.3,25.9,Standalone,413.67953668,0.0514809301269,0.875,Q5 Most Expensive,0.100291199612,0.136344617566,0.123616050694,,5-15%,0.967948717949,3.20512820513,40.5923720507,14.4213013588,SELL
2018-09-30,10930.45,26.4,Standalone,414.03219697,0.0743536157398,0.914772727273,Q5 Most Expensive,0.0497692226761,0.172485337677,0.124328370908,,5-15%,0.96835443038,3.16455696203,49.7414462959,17.1376237622,SELL
2018-12-31,10862.55,26.2,Standalone,414.601145038,0.0591425262608,0.886363636364,Q5 Most Expensive,0.12022039024,0.169022899962,0.148764968825,,5-15%,0.95625,4.375,43.6570105043,16.1596031513,SELL
2019-03-31,11623.9,29,Standalone,400.824137931,-0.0210945344536,0.971590909091,Q5 Most Expensive,-0.260338612686,0.145346349781,0.139450104134,,<5%,0.993827160494,0.617283950617,20,6.43209876543,SELL
2019-06-30,11788.85,29,Standalone,406.512068966,-0.0173261355192,0.971590909091,Q5 Most Expensive,-0.126114930634,0.102082600359,0.152885864085,,<5%,0.987804878049,1.21951219512,20,6.85365853659,SELL
2019-09-30,11474.45,26.4,Standalone,434.638257576,0.0497692226761,0.914772727273,Q5 Most Expensive,-0.0197743682704,0.142107292643,0.178291757145,,<5%,0.939759036145,6.02409638554,39.9076890704,16.189174191,SELL
2019-12-31,12168.45,28.3,Standalone,429.980565371,0.0370944955578,0.954545454545,Q5 Most Expensive,0.149016514018,0.141625045086,0.141274770916,,<5%,0.970238095238,2.97619047619,34.8377982231,12.5346728003,SELL
2020-03-31,8597.75,19.4,Standalone,443.182989691,0.105679393408,0.454545454545,Q3,0.708667965456,0.263919898607,0.222948307805,,5-15%,0.464705882353,53.5294117647,62.2717573631,56.1521154442,HOLD
2020-06-30,10302.1,26.3,Standalone,391.714828897,-0.0364004938545,0.897727272727,Q5 Most Expensive,0.526048087283,0.230389372091,0.198894425027,,<5%,0.912790697674,8.72093023256,20,12.1046511628,SELL
2020-09-30,11247.55,32.7,Standalone,343.9617737,-0.208625178053,0.988636363636,Q5 Most Expensive,0.56639890465,0.204153870324,0.170306160811,,<5%,0.994252873563,0.574712643678,20,6.40229885057,SELL
2020-12-31,13981.75,38.5,Standalone,363.162337662,-0.155398250735,1,Q5 Most Expensive,0.241192983711,0.15835601388,0.131841451733,,<5%,0.994318181818,0.568181818182,20,6.39772727273,SELL
2021-03-31,14690.7,33.2,Consolidated,442.490963855,,1,Q5 Most Expensive,0.188830348452,0.149728540767,0.0894805040594,,,,,,,
2021-06-30,15721.5,28.3,Consolidated,555.530035336,,0.95652173913,Q5 Most Expensive,0.00373692077728,0.151603592209,0.0870667729276,,,,,,,
2021-09-30,17618.15,27,Consolidated,652.524074074,,0.913043478261,Q5 Most Expensive,-0.029730703848,0.139406232714,0.0512552735443,,,,,,,
2021-12-31,17354.05,24.1,Consolidated,720.085062241,,0.826086956522,Q5 Most Expensive,0.0432896067489,0.10729116291,,,,,,,,
2022-03-31,17464.75,22.9,Consolidated,762.652838428,0.72354443531,0.652173913043,Q4,-0.0060121101075,0.104301462303,,,>15%,,,100,,
2022-06-30,15780.25,19.5,Consolidated,809.243589744,0.456705377333,0.0869565217391,Q1 Cheapest,0.216016856514,0.173740783529,,,>15%,,,100,,
2022-09-30,17094.35,20.6,Consolidated,829.822815534,0.271712184277,0.239130434783,Q2,0.148818176766,0.130405509908,,,>15%,,,100,,
2022-12-31,18105.3,21.8,Consolidated,830.518348624,0.153361445993,0.391304347826,Q2,0.200278371527,0.127789190413,,,>15%,0.3125,68.75,80.6722891986,72.3266867596,BUY
2023-03-31,17359.75,20.4,Consolidated,850.968137255,0.115800131301,0.173913043478,Q1 Cheapest,0.286130272613,0.0911022373102,,,5-15%,0.166666666667,83.3333333333,66.3200525204,78.2293490894,BUY
2023-06-30,19189.05,22.4,Consolidated,856.654017857,0.0585861027686,0.521739130435,Q3,0.2512656958,0.0754095054007,,,5-15%,0.45,55,43.4344411074,51.5303323322,HOLD
2023-09-30,19638.3,22.2,Consolidated,884.608108108,0.0660204703324,0.478260869565,Q3,0.327064969982,0.0482522020429,,,5-15%,0.409090909091,59.0909090909,46.408188133,55.2860928035,HOLD
2023-12-31,21731.4,23.2,Consolidated,936.698275862,0.127847780141,0.782608695652,Q4,0.0841731319657,,,,5-15%,0.625,37.5,71.1391120565,47.591733617,HOLD
2024-03-31,22326.9,22.9,Consolidated,974.973799127,0.145723037612,0.652173913043,Q4,0.0534086684672,,,,5-15%,0.538461538462,46.1538461538,78.2892150448,55.7944568211,HOLD
2024-06-30,24010.6,22.9,Consolidated,1048.49781659,0.223945484102,0.652173913043,Q4,0.0627410393743,,,,>15%,0.535714285714,46.4285714286,94.7890968204,60.9367290461,HOLD
2024-09-30,26061.3,24.3,Consolidated,1072.48148148,0.212380342947,0.869565217391,Q5 Most Expensive,-0.0525434264599,,,,>15%,0.766666666667,23.3333333333,92.4760685893,44.0761539101,HOLD
2024-12-31,23560.6,21.8,Consolidated,1080.76146789,0.153798929431,0.391304347826,Q2,0.102308515063,,,,>15%,0.25,75,80.7597858863,76.7279357659,BUY
2025-03-31,23519.35,21.4,Consolidated,1099.03504673,0.127245724668,0.304347826087,Q2,-0.0412298809278,,,,5-15%,0.205882352941,79.4117647059,70.8982898673,76.8577222543,BUY
2025-06-30,25517.05,23,Consolidated,1109.43695652,0.0581204261596,0.739130434783,Q4,-0.0647135934601,,,,5-15%,0.638888888889,36.1111111111,43.2481704638,38.2522289169,SELL
2025-09-30,24691.95,21.8,Consolidated,1132.65825688,0.0561098503222,0.391304347826,Q2,-0.0838937386476,,,,5-15%,0.289473684211,71.0526315789,42.4439401289,62.4700241439,HOLD
2025-12-31,25971.05,22.8,Consolidated,1139.08114035,0.0539616503675,0.565217391304,Q3,,,,,5-15%,0.475,52.5,41.584660147,49.2253980441,HOLD
2026-03-31,22549.65,19.6,Consolidated,1150.49234694,0.0468204361298,0.130434782609,Q1 Cheapest,,,,,<5%,0.0714285714286,92.8571428571,38.7281744519,76.6184523356,BUY
2026-06-30,23865.75,20.6,Consolidated,1158.5315534,0.0442518131271,0.239130434783,Q2,,,,,<5%,0.181818181818,81.8181818182,37.7007252508,68.582944848,HOLD
2026-09-30,22620.45,19.36,Consolidated,1168.41167355,0.0315659347873,0.0434782608696,Q1 Cheapest,,,,,<5%,0.0217391304348,97.8260869565,32.6263739149,78.266173044,BUY
