date,nifty_close,pe,pe_percentile,implied_eps,yoy_eps_growth,valuation_score,growth_score,composite_score,signal
2026-09-18,23346.4,19.74,0.05303030303030303,1182.695035460993,0.03878208207507883,94.6969696969697,35.51283283003153,76.94172863688824,BUY
2026-09-21,23414.3,19.79,0.05303030303030303,1183.137948458818,0.03939540346028036,94.6969696969697,35.75816138411214,77.01532720311242,BUY
2026-09-22,23329,19.72,0.05303030303030303,1183.012170385396,0.039263777081608,94.6969696969697,35.7055108326432,76.99953203767174,BUY
2026-09-23,23446.8,19.82,0.05303030303030303,1182.986881937437,0.03918790439368003,94.6969696969697,35.67516175747201,76.99042731512039,BUY
2026-09-24,23063.1,19.5,0.01515151515151515,1182.723076923077,0.03890484948564765,98.48484848484848,35.56193979425906,79.60797587767166,BUY
2026-09-25,23140.5,19.56,0.02272727272727273,1183.052147239264,0.03899705870431536,97.72727272727273,35.59882348172614,79.08873795360876,BUY
2026-09-28,22780.25,19.26,0.007575757575757576,1182.77518172378,0.03910858522460492,99.24242424242425,35.64343408984197,80.16272719664956,BUY
2026-09-29,22716.2,19.2,0.007575757575757576,1183.135416666667,0.03929995318295054,99.24242424242425,35.71998127318022,80.18569135165103,BUY
2026-09-30,22620.45,19.36,0.007575757575757576,1168.411673553719,0.03305573568548059,99.24242424242425,33.22229427419224,79.43638525195465,BUY
2026-10-01,22421.95,19.19,0.007462686567164179,1168.418447107869,0.03310352582666498,99.25373134328358,33.24141033066599,79.4500350394983,BUY
2026-10-05,22555.75,19.3,0.007462686567164179,1168.691709844559,0.03328698529494778,99.25373134328358,33.31479411797911,79.47205017569223,BUY
2026-10-06,22776.1,19.49,0.02238805970149254,1168.604412519241,0.03357554913146776,97.76119402985076,33.43021965258711,78.46190171667165,BUY
2026-10-07,22603.05,19.34,0.007462686567164179,1168.720268872803,0.03334713895310393,99.25373134328358,33.33885558124157,79.47926861467097,BUY
2026-10-08,22231.8,19.02,0.007462686567164179,1168.864353312303,0.03370559650355465,99.25373134328358,33.48223860142186,79.52228352072505,BUY
2026-10-09,22520.45,19.27,0.007462686567164179,1168.679294239751,0.03354358634884136,99.25373134328358,33.41743453953654,79.50284230215946,BUY
